<?xml version="1.0" encoding="UTF-8" ?>
<acls>
<acl>
 <name>Admins</name>
 <objectName>P&amp;L</objectName>
 <objectType>SL_DIMENSION</objectType>
 <accessMode>READWRITE</accessMode>
 <flag>@IDESCENDANTS</flag>
 <isUser>N</isUser>
</acl>
<acl>
 <name>Admins</name>
 <objectName>All incl EYG</objectName>
 <objectType>SL_DIMENSION</objectType>
 <accessMode>READWRITE</accessMode>
 <flag>@IDESCENDANTS</flag>
 <isUser>N</isUser>
</acl>
<acl>
 <name>Admins</name>
 <objectName>Forecast</objectName>
 <objectType>SL_DIMENSION</objectType>
 <accessMode>READWRITE</accessMode>
 <flag>@IDESCENDANTS</flag>
 <isUser>N</isUser>
</acl>
<acl>
 <name>Admins</name>
 <objectName>All SMUs</objectName>
 <objectType>SL_DIMENSION</objectType>
 <accessMode>READWRITE</accessMode>
 <flag>@IDESCENDANTS</flag>
 <isUser>N</isUser>
</acl>
<acl>
 <name>Admins</name>
 <objectName>Working</objectName>
 <objectType>SL_DIMENSION</objectType>
 <accessMode>READWRITE</accessMode>
 <flag>@IDESCENDANTS</flag>
 <isUser>N</isUser>
</acl>
</acls>
